"Company Name",Address,Website,"Contact Nos.",State
"SEO Gazelle","980 North Federal Highway #110, Boca Raton",http://www.seogazelle.com/,"(561) 299-5932",Florida
"WW Internet Marketing Studios","2215 Northwest 74th Way #2, Hollywood",http://bestseocompany-usa.com/,"(954) 543-8736",Florida
"SEO Mavericks","1781 Southwest 11th Street, Boca Raton",http://seomavericks.com/,"(561) 542-9606",Florida
"Get The Clicks","37 North Orange Avenue #420, Orlando",http://www.gettheclicks.com/,"(407) 476-0203",Florida
"Socius Marketing, Inc","2701 North Rocky Point Drive #410, Tampa",http://www.sociusmarketing.com/,"(813) 282-8300",Florida
"DAGMAR Marketing","5 West Forsyth Street #200, Jacksonville",https://dagmarmarketing.com/?utm_source=Local%20Search&utm_medium=Google%20Maps&utm_campaign=Google%20Maps,"(904) 270-9778",Florida
"Jupiter SEO","Florida, 725 North Highway A1A a104, Jupiter",http://www.jupiter-seo.com/,"(561) 747-0200",Florida
"Andrade Watts, Inc.","13630 Key Lime Boulevard, West Palm Beach",https://andradewatts.com/,"(561) 701-8140",Florida
"Tampa SEO Training Academy","5404 Cypress Center Drive #125a, Tampa",http://www.tampa-seo.com/,"(813) 330-0736",Florida
"SEO Jacksonville - C7 Creative","525 3rd Street North #125, Jacksonville Beach",http://www.c7creative.com/seo-jacksonville/,"(904) 395-1944",Florida
"WEBRIS / Ryan Stewart","Wind, 350 South Miami Avenue, Miami",http://webris.org/,"(786) 442-6189",Florida
"Thrive Internet Marketing","37 North Orange Avenue #500, Orlando",https://thriveagency.com/,"(407) 358-7206",Florida
"Web SEO and Design","55 Southeast 2nd Avenue, Delray Beach",http://www.webseoanddesign.com/,"(561) 894-8412",Florida
"Boca Raton SEO Company eBusiness Strategies","21218 Saint Andrews Boulevard #731, Boca Raton",http://www.ebusiness-strategies.com/,"(561) 285-7371",Florida
"Pure Digital Marketing","3001 North Rocky Point Drive East #200, Tampa",http://puredigitalmarketing.com/,"(813) 419-7873",Florida
"SEO Services Expert","401 East Jackson Street #2340, Tampa",http://seoservices.expert/,"(813) 708-1286",Florida
"SEO James","6 Royal Palm Way #202, Boca Raton",http://seojames.com/,"(561) 704-8308",Florida
"Alvarez Web Services","6405 Cow Pen Road, Miami Lakes",http://www.alvarezwebservices.com/,"(573) 833-0637",Florida
"SEO Consulting Experts","#107, 3900 Belle Oak Boulevard, Largo",http://www.seoconsultingexperts.com/,"(727) 204-5279",Florida
SumitSEO,"10503 San Jose Boulevard #4, Jacksonville",http://www.sumitseo.com/,"(904) 345-0944",Florida
